{"Iteration Training Loss": 2.310378074645996, "_step": 1311, "_runtime": 164, "_timestamp": 1612842448, "Train Loss": 2.3020344572988423, "Validation Loss": 2.2995305514033837, "Val. Accuracy": 11.68, "Test Loss": 2.2999384479158245, "Test Accuracy": 11.53, "offline updates": 2.0081749437971794, "online udpates": 97.99182505619873, "gt": 0.06022055074572563, "gc": 0.06313710659742355}