{"Train Loss": 204.46774351596832, "Train Loss Scaled": 0.05111693587899208, "_step": 4, "_runtime": 31, "_timestamp": 1612846802}